,Last Name,First Name,Height,Weight,bmi
0,Okonkwo,James,68,230,34.96756055363322
1,Ingram,Harrison,67,225,35.23613276899087
2,Farris,Duwe,67,210,32.88705725105814
